Name,Age,Email,Phone,City,Salary
Neha Mishra,48,nehamishra@gmail.com,+919488494246,Lucknow,75240
Pooja Gupta,33,poojagupta@gmail.com,+919329648335,Delhi,60045
Vikas Mishra,33,vikasmishra@gmail.com,+919173349092,Chennai,73840
Suman Jain,41,sumanjain@gmail.com,+918412050902,Pune,36266
Rahul Yadav,18,rahulyadav@gmail.com,+918659237004,Chennai,75335
Ravi Gupta,26,ravigupta@gmail.com,+917117599927,Bangalore,48563
Ravi Mishra,46,ravimishra@gmail.com,+919834928903,Pune,54756
Rahul Thakur,53,rahulthakur@gmail.com,+917496214516,Bangalore,68833
Neha Patel,47,nehapatel@gmail.com,+918058675337,Bangalore,59768
Priya Gupta,60,priyagupta@gmail.com,+917685606408,Jaipur,35634
Rahul Thakur,43,rahulthakur@gmail.com,+918410665037,Kolkata,26931
Rahul Patel,39,rahulpatel@gmail.com,+917490159900,Mumbai,42502
Anjali Yadav,49,anjaliyadav@gmail.com,+918331258969,Jaipur,47981
Rahul Verma,32,rahulverma@gmail.com,+918700651963,Pune,73331
Pooja Mishra,52,poojamishra@gmail.com,+918598305220,Ahmedabad,50001
Rahul Mishra,53,rahulmishra@gmail.com,+919721295500,Bangalore,23174
Deepak Mishra,28,deepakmishra@gmail.com,+917292154452,Delhi,63266
Vikas Gupta,41,vikasgupta@gmail.com,+917831459165,Delhi,59236
Amit Patel,18,amitpatel@gmail.com,+917260093328,Jaipur,50515
Anjali Singh,44,anjalisingh@gmail.com,+917057613091,Jaipur,32517
Amit Mehta,29,amitmehta@gmail.com,+919988033026,Ahmedabad,65561
Amit Sharma,36,amitsharma@gmail.com,+918877073176,Bangalore,69830
Pooja Gupta,19,poojagupta@gmail.com,+918344548863,Chennai,23461
Suman Thakur,36,sumanthakur@gmail.com,+919283750805,Chennai,71811
Amit Verma,44,amitverma@gmail.com,+918352524231,Mumbai,24009
Vikas Mishra,51,vikasmishra@gmail.com,+917151076051,Bangalore,45913
Vikas Yadav,39,vikasyadav@gmail.com,+918597570505,Mumbai,47544
Rahul Mishra,35,rahulmishra@gmail.com,+917858823848,Jaipur,42411
Amit Sharma,58,amitsharma@gmail.com,+918238789808,Chennai,51479
Priya Singh,59,priyasingh@gmail.com,+917845153356,Ahmedabad,73588
Neha Verma,49,nehaverma@gmail.com,+918198741401,Mumbai,32064
Deepak Verma,44,deepakverma@gmail.com,+918355482522,Mumbai,54659
Pooja Jain,21,poojajain@gmail.com,+918451678276,Lucknow,61450
Neha Gupta,39,nehagupta@gmail.com,+918730057854,Pune,27542
Ravi Patel,47,ravipatel@gmail.com,+919003168981,Lucknow,33630
Deepak Mehta,45,deepakmehta@gmail.com,+918057784365,Hyderabad,71178
Suman Yadav,47,sumanyadav@gmail.com,+918985281801,Kolkata,21950
Priya Sharma,30,priyasharma@gmail.com,+919295904460,Jaipur,73923
Vikas Mishra,39,vikasmishra@gmail.com,+917570560731,Lucknow,48680
Vikas Thakur,44,vikasthakur@gmail.com,+917508614975,Delhi,32018
Amit Jain,34,amitjain@gmail.com,+919116054899,Lucknow,78316
Anjali Singh,44,anjalisingh@gmail.com,+917749460762,Pune,69862
Neha Thakur,36,nehathakur@gmail.com,+919107287146,Ahmedabad,44661
Deepak Patel,22,deepakpatel@gmail.com,+918089435901,Delhi,42063
Rahul Patel,57,rahulpatel@gmail.com,+918860160523,Delhi,64406
Neha Sharma,22,nehasharma@gmail.com,+919377920152,Mumbai,64520
Deepak Thakur,53,deepakthakur@gmail.com,+918104925145,Delhi,40501
Neha Singh,19,nehasingh@gmail.com,+917982347282,Jaipur,72836
Vikas Verma,58,vikasverma@gmail.com,+917662567631,Hyderabad,74376
Deepak Mishra,26,deepakmishra@gmail.com,+919641707247,Mumbai,67794
Ravi Yadav,59,raviyadav@gmail.com,+917610321042,Jaipur,30084
Suman Sharma,29,sumansharma@gmail.com,+919132779050,Bangalore,65667
Vikas Thakur,21,vikasthakur@gmail.com,+918719216886,Lucknow,68109
Rahul Mishra,21,rahulmishra@gmail.com,+917119176561,Delhi,58752
Amit Patel,56,amitpatel@gmail.com,+919562951269,Chennai,32377
Deepak Gupta,46,deepakgupta@gmail.com,+919061035084,Bangalore,32412
Neha Singh,44,nehasingh@gmail.com,+917250277609,Ahmedabad,50047
Deepak Sharma,26,deepaksharma@gmail.com,+918631146763,Pune,54573
Ravi Mehta,50,ravimehta@gmail.com,+919213923116,Pune,77252
Ravi Jain,57,ravijain@gmail.com,+917632715658,Bangalore,63240
Neha Yadav,41,nehayadav@gmail.com,+917515674374,Bangalore,49423
Pooja Mishra,33,poojamishra@gmail.com,+917831059052,Hyderabad,49452
Priya Verma,49,priyaverma@gmail.com,+917403246323,Pune,56534
Pooja Singh,19,poojasingh@gmail.com,+919945397421,Delhi,76096
Rahul Jain,19,rahuljain@gmail.com,+917028262324,Pune,46273
Anjali Sharma,59,anjalisharma@gmail.com,+918594530327,Hyderabad,40557
Deepak Gupta,49,deepakgupta@gmail.com,+918408634090,Bangalore,63586
Rahul Sharma,41,rahulsharma@gmail.com,+918595444064,Mumbai,29539
Ravi Thakur,25,ravithakur@gmail.com,+918210440567,Mumbai,33637
Amit Jain,59,amitjain@gmail.com,+918361376676,Pune,55032
Neha Gupta,47,nehagupta@gmail.com,+917898874486,Pune,25884
Deepak Sharma,41,deepaksharma@gmail.com,+918305782883,Delhi,40600
Rahul Sharma,21,rahulsharma@gmail.com,+918783140239,Hyderabad,35814
Priya Mehta,39,priyamehta@gmail.com,+917766188834,Mumbai,78796
Suman Thakur,36,sumanthakur@gmail.com,+917820099330,Pune,54149
Priya Patel,33,priyapatel@gmail.com,+919876752443,Hyderabad,73192
Vikas Patel,55,vikaspatel@gmail.com,+919215333621,Lucknow,27243
Amit Patel,44,amitpatel@gmail.com,+919957493041,Pune,22442
Anjali Thakur,18,anjalithakur@gmail.com,+918766120914,Ahmedabad,35020
Pooja Sharma,60,poojasharma@gmail.com,+919664295424,Mumbai,69233
Vikas Verma,54,vikasverma@gmail.com,+917774295824,Jaipur,54098
Priya Patel,50,priyapatel@gmail.com,+917487827369,Jaipur,79733
Anjali Patel,33,anjalipatel@gmail.com,+917851165062,Hyderabad,23635
Deepak Sharma,57,deepaksharma@gmail.com,+919023255213,Chennai,66662
Rahul Gupta,37,rahulgupta@gmail.com,+917065147569,Bangalore,60015
Neha Gupta,53,nehagupta@gmail.com,+917662733974,Ahmedabad,51836
Vikas Sharma,31,vikassharma@gmail.com,+917121769135,Mumbai,34835
Pooja Sharma,29,poojasharma@gmail.com,+918882987860,Kolkata,64017
Suman Mishra,45,sumanmishra@gmail.com,+918483640148,Ahmedabad,48236
Ravi Sharma,28,ravisharma@gmail.com,+919768551490,Ahmedabad,31707
Suman Verma,43,sumanverma@gmail.com,+919307044614,Ahmedabad,23694
Suman Jain,20,sumanjain@gmail.com,+919114056092,Lucknow,68548
Priya Verma,24,priyaverma@gmail.com,+919551419382,Pune,72414
Priya Sharma,40,priyasharma@gmail.com,+919581550149,Bangalore,28445
Anjali Sharma,59,anjalisharma@gmail.com,+917228086269,Bangalore,70232
Neha Yadav,55,nehayadav@gmail.com,+918106401131,Delhi,75626
Anjali Singh,51,anjalisingh@gmail.com,+917410282570,Ahmedabad,22701
Rahul Mehta,44,rahulmehta@gmail.com,+919789543850,Delhi,25674
Amit Jain,28,amitjain@gmail.com,+918591920116,Hyderabad,59374
Suman Sharma,47,sumansharma@gmail.com,+918481287664,Mumbai,26657
